  A,  B,  Dir1, Dir2, Dir3, Dir4, Comments: 1=I595 EB & 2=I595 WB
  12073.00,  16907.00,      1.00,         0,         0,         0,         0
  12089.00,  16929.00,      1.00,         0,         0,         0,         0
  12097.00,  13832.00,         0,      1.00,         0,         0,         0
  12105.00,  16945.00,      1.00,         0,         0,         0,         0
  12141.00,  16983.00,         0,      1.00,         0,         0,         0
  12165.00,  17027.00,         0,      1.00,         0,         0,         0
  12169.00,  17021.00,      1.00,         0,         0,         0,         0
  12221.00,  12225.00,         0,      1.00,         0,         0,         0
  12225.00,  13541.00,         0,      1.00,         0,         0,         0
  12561.00,  21411.00,         0,         0,         0,      1.00,         0
  12565.00, 100344.00,         0,         0,      1.00,         0,         0
  12605.00, 100345.00,         0,         0,         0,      1.00,         0
  12609.00,  12617.00,         0,         0,      1.00,         0,         0
  12613.00,  12605.00,         0,         0,         0,      1.00,         0
  12617.00,  18473.00,         0,         0,      1.00,         0,         0
  12637.00,  18471.00,         0,         0,         0,      1.00,         0
  12950.00,  16991.00,         0,      1.00,         0,         0,         0
  12952.00,  16985.00,      1.00,         0,         0,         0,         0
  13040.00,  16780.00,      1.00,         0,         0,         0,         0
  13042.00,  16937.00,      1.00,         0,         0,         0,         0
  13044.00,  16913.00,      1.00,         0,         0,         0,         0
  13449.00, 100296.00,         0,      1.00,         0,         0,         0
  13453.00,  17053.00,      1.00,         0,         0,         0,         0
  13537.00,  17093.00,      1.00,         0,         0,         0,         0
  13541.00,  13577.00,         0,      1.00,         0,         0,         0
  13573.00,  13537.00,      1.00,         0,         0,         0,         0
  13577.00,  26206.00,         0,      1.00,         0,         0,         0
  13832.00,  13834.00,         0,      1.00,         0,         0,         0
  13834.00,  16955.00,         0,      1.00,         0,         0,         0
  13836.00,  12101.00,      1.00,         0,         0,         0,         0
  13838.00,  13836.00,      1.00,         0,         0,         0,         0
  14088.00,  17025.00,      1.00,         0,         0,         0,         0
  14092.00,  17039.00,         0,      1.00,         0,         0,         0
  15504.00,  15506.00,         0,      1.00,         0,         0,         0
  15506.00,  12165.00,         0,      1.00,         0,         0,         0
  16778.00,  13038.00,         0,      1.00,         0,         0,         0
  16780.00,  16973.00,      1.00,         0,         0,         0,         0
  16804.00,  16971.00,         0,      1.00,         0,         0,         0
  16907.00,  12069.00,         0,      1.00,         0,         0,         0
  16915.00,  16919.00,         0,      1.00,         0,         0,         0
  16917.00,  13044.00,      1.00,         0,         0,         0,         0
  16919.00,  16923.00,         0,      1.00,         0,         0,         0
  16923.00,  16931.00,         0,      1.00,         0,         0,         0
  16929.00,  16917.00,      1.00,         0,         0,         0,         0
  16931.00,  12085.00,         0,      1.00,         0,         0,         0
  16939.00,  16943.00,         0,      1.00,         0,         0,         0
  16941.00,  13042.00,      1.00,         0,         0,         0,         0
  16943.00,  16947.00,         0,      1.00,         0,         0,         0
  16945.00,  16941.00,      1.00,         0,         0,         0,         0
  16947.00,  12093.00,         0,      1.00,         0,         0,         0
  16953.00,  13838.00,      1.00,         0,         0,         0,         0
  16959.00,  16967.00,         0,      1.00,         0,         0,         0
  16965.00,  16957.00,      1.00,         0,         0,         0,         0
  16967.00,  16804.00,         0,      1.00,         0,         0,         0
  16969.00,  40255.00,      1.00,         0,         0,         0,         0
  16975.00,  16778.00,         0,      1.00,         0,         0,         0
  16981.00,  12145.00,      1.00,         0,         0,         0,         0
  16983.00,  40257.00,         0,      1.00,         0,         0,         0
  16985.00,  19348.00,      1.00,         0,         0,         0,         0
  16987.00,  12950.00,         0,      1.00,         0,         0,         0
  16989.00,  12952.00,      1.00,         0,         0,         0,         0
  16995.00,  16999.00,         0,      1.00,         0,         0,         0
  16997.00,  16993.00,      1.00,         0,         0,         0,         0
  16999.00,  17003.00,         0,      1.00,         0,         0,         0
  17003.00,  17007.00,         0,      1.00,         0,         0,         0
  17007.00,  19322.00,         0,      1.00,         0,         0,         0
  17017.00,  16997.00,      1.00,         0,         0,         0,         0
  17019.00,  17023.00,         0,      1.00,         0,         0,         0
  17021.00,  17017.00,      1.00,         0,         0,         0,         0
  17023.00,  15504.00,         0,      1.00,         0,         0,         0
  17025.00,  12169.00,      1.00,         0,         0,         0,         0
  17027.00,  17031.00,         0,      1.00,         0,         0,         0
  17029.00,  14088.00,      1.00,         0,         0,         0,         0
  17031.00,  14092.00,         0,      1.00,         0,         0,         0
  17033.00,  17029.00,      1.00,         0,         0,         0,         0
  17037.00,  17033.00,      1.00,         0,         0,         0,         0
  17042.00,  12221.00,         0,      1.00,         0,         0,         0
  17043.00,  17051.00,         0,      1.00,         0,         0,         0
  17049.00, 100293.00,      1.00,         0,         0,         0,         0
  17051.00, 100292.00,         0,      1.00,         0,         0,         0
  17053.00,  17049.00,      1.00,         0,         0,         0,         0
  17055.00,  13449.00,         0,      1.00,         0,         0,         0
  17057.00, 100295.00,      1.00,         0,         0,         0,         0
  17059.00,  18019.00,         0,      1.00,         0,         0,         0
  17065.00, 100299.00,      1.00,         0,         0,         0,         0
  17067.00,  17071.00,         0,      1.00,         0,         0,         0
  17069.00,  17065.00,      1.00,         0,         0,         0,         0
  17071.00, 100302.00,         0,      1.00,         0,         0,         0
  17077.00, 100301.00,      1.00,         0,         0,         0,         0
  17079.00,  17083.00,         0,      1.00,         0,         0,         0
  17081.00,  17077.00,      1.00,         0,         0,         0,         0
  17083.00,  17087.00,         0,      1.00,         0,         0,         0
  17085.00,  17081.00,      1.00,         0,         0,         0,         0
  17087.00,  17091.00,         0,      1.00,         0,         0,         0
  17089.00,  17085.00,      1.00,         0,         0,         0,         0
  17091.00,  17042.00,         0,      1.00,         0,         0,         0
  17093.00,  17089.00,      1.00,         0,         0,         0,         0
  18019.00, 100300.00,         0,      1.00,         0,         0,         0
  18021.00,  17057.00,      1.00,         0,         0,         0,         0
  18149.00,  17019.00,         0,      1.00,         0,         0,         0
  18471.00,  12613.00,         0,         0,         0,      1.00,         0
  18473.00,  12641.00,         0,         0,      1.00,         0,         0
  19322.00,  18149.00,         0,      1.00,         0,         0,         0
  19346.00,  16987.00,         0,      1.00,         0,         0,         0
  19347.00,  16981.00,      1.00,         0,         0,         0,         0
  19348.00,  19347.00,      1.00,         0,         0,         0,         0
  20230.00,  26253.00,      1.00,         0,         0,         0,         0
  20232.00,  21321.00,         0,      1.00,         0,         0,         0
  20275.00,  21664.00,         0,         0,         0,      1.00,         0
  20284.00,  26829.00,      1.00,         0,         0,         0,         0
  20285.00,  21303.00,         0,      1.00,         0,         0,         0
  20389.00,  26929.00,      1.00,         0,         0,         0,         0
  20392.00,  21064.00,         0,      1.00,         0,         0,         0
  20395.00,  26245.00,      1.00,         0,         0,         0,         0
  20398.00,  21317.00,         0,      1.00,         0,         0,         0
  20447.00,  20483.00,      1.00,         0,         0,         0,         0
  20448.00,  21312.00,         0,      1.00,         0,         0,         0
  20482.00,  20448.00,         0,      1.00,         0,         0,         0
  20483.00,  26237.00,      1.00,         0,         0,         0,         0
  20536.00,  26217.00,      1.00,         0,         0,         0,         0
  20560.00,  26213.00,      1.00,         0,         0,         0,         0
  20561.00,  21030.00,         0,      1.00,         0,         0,         0
  20583.00,  21018.00,      1.00,         0,         0,         0,         0
  20584.00,  21307.00,         0,      1.00,         0,         0,         0
  20652.00,  26705.00,      1.00,         0,         0,         0,         0
  20696.00,  26934.00,         0,      1.00,         0,         0,         0
  20732.00,  20736.00,         0,         0,         0,      1.00,      1.00
  20734.00,  20803.00,      1.00,         0,         0,         0,         0
  20734.00,  20815.00,      1.00,         0,         0,         0,         0
  20736.00,  20778.00,         0,         0,      1.00,         0,      1.00
  20737.00,  20802.00,         0,         0,      1.00,         0,      1.00
  20744.00,  20742.00,         0,         0,         0,      1.00,      2.00
  20748.00,  20750.00,         0,         0,      1.00,         0,      1.00
  20750.00,  20732.00,      1.00,         0,         0,         0,         0
  20752.00,  20744.00,         0,         0,         0,      1.00,      2.00
  20777.00,  20752.00,         0,         0,         0,      1.00,      2.00
  20778.00,  20780.00,         0,         0,      1.00,         0,      1.00
  20779.00,  20777.00,         0,         0,         0,      1.00,      2.00
  20780.00,  20737.00,         0,         0,      1.00,         0,      1.00
  20802.00,  20816.00,         0,         0,      1.00,         0,      1.00
  20808.00,  20829.00,         0,      1.00,         0,         0,         0
  20809.00,  20810.00,         0,         0,         0,      1.00,      2.00
  20810.00,  20779.00,         0,         0,         0,      1.00,      2.00
  20811.00,  22214.00,         0,      1.00,         0,         0,         0
  20814.00,  21315.00,      1.00,         0,         0,         0,         0
  20824.00,  20830.00,         0,      1.00,         0,         0,         0
  20825.00,  20832.00,         0,         0,         0,      1.00,      2.00
  20829.00,  20830.00,         0,      1.00,         0,         0,         0
  20831.00,  20809.00,         0,         0,         0,      1.00,      2.00
  20832.00,  20831.00,         0,         0,         0,      1.00,      2.00
  20854.00,  21054.00,         0,      1.00,         0,         0,         0
  20894.00,  21662.00,         0,      1.00,         0,         0,         0
  20895.00,  20891.00,         0,      1.00,         0,         0,         0
  20896.00,  20894.00,      1.00,         0,         0,         0,         0
  20896.00, 100334.00,      1.00,         0,         0,         0,         0
  21008.00,  21010.00,         0,      1.00,         0,         0,         0
  21010.00,  20584.00,         0,      1.00,         0,         0,         0
  21012.00,  26259.00,      1.00,         0,         0,         0,         0
  21018.00,  21012.00,      1.00,         0,         0,         0,         0
  21030.00,  26218.00,         0,      1.00,         0,         0,         0
  21034.00,  26226.00,         0,      1.00,         0,         0,         0
  21042.00,  20482.00,         0,      1.00,         0,         0,         0
  21054.00, 100307.00,         0,      1.00,         0,         0,         0
  21056.00,  26243.00,      1.00,         0,         0,         0,         0
  21064.00,  20398.00,         0,      1.00,         0,         0,         0
  21066.00,  21333.00,         0,      1.00,         0,         0,         0
  21070.00,  26703.00,      1.00,         0,         0,         0,         0
  21072.00,  26209.00,      1.00,         0,         0,         0,         0
  21074.00,  21072.00,      1.00,         0,         0,         0,         0
  21094.00, 100321.00,         0,      1.00,         0,         0,         0
  21096.00,  21008.00,         0,      1.00,         0,         0,         0
  21104.00,  20230.00,      1.00,         0,         0,         0,         0
  21106.00,  25482.00,         0,      1.00,         0,         0,         0
  21134.00,  26893.00,         0,      1.00,         0,         0,         0
  21138.00,  26288.00,      1.00,         0,         0,         0,         0
  21210.00,  20231.00,      1.00,         0,         0,         0,         0
  21234.00,  26706.00,         0,      1.00,         0,         0,         0
  21239.00,  20652.00,      1.00,         0,         0,         0,         0
  21304.00,  26830.00,         0,      1.00,         0,         0,         0
  21305.00,  20284.00,      1.00,         0,         0,         0,         0
  21307.00,  26212.00,         0,      1.00,         0,         0,         0
  21309.00,  20583.00,      1.00,         0,         0,         0,         0
  21312.00, 100312.00,         0,      1.00,         0,         0,         0
  21313.00,  20811.00,         0,      1.00,         0,         0,         0
  21314.00,  20447.00,      1.00,         0,         0,         0,         0
  21315.00, 100311.00,      1.00,         0,         0,         0,         0
  21317.00,  26250.00,         0,      1.00,         0,         0,         0
  21320.00,  26249.00,      1.00,         0,         0,         0,         0
  21321.00,  21208.00,         0,      1.00,         0,         0,         0
  21326.00,  21328.00,         0,      1.00,         0,         0,         0
  21328.00,  33369.00,         0,      1.00,         0,         0,         0
  21330.00,  26257.00,      1.00,         0,         0,         0,         0
  21333.00,  21334.00,         0,      1.00,         0,         0,         0
  21334.00,  26704.00,         0,      1.00,         0,         0,         0
  21338.00,  21070.00,      1.00,         0,         0,         0,         0
  21354.00,  21668.00,         0,         0,      1.00,         0,         0
  21411.00,  21430.00,         0,         0,         0,      1.00,         0
  21414.00,  12565.00,         0,         0,         0,      1.00,         0
  21418.00,  21414.00,         0,         0,      1.00,         0,         0
  21422.00,  21418.00,         0,         0,      1.00,         0,         0
  21430.00,  21434.00,         0,         0,         0,      1.00,         0
  21432.00,  21422.00,         0,         0,      1.00,         0,         0
  21434.00,  21438.00,         0,         0,         0,      1.00,         0
  21438.00,  21441.00,         0,         0,      1.00,         0,         0
  21441.00, 100330.00,         0,         0,         0,      1.00,         0
  21486.00,  21432.00,         0,         0,      1.00,         0,         0
  21493.00,  21495.00,         0,         0,         0,      1.00,         0
  21495.00,  21540.00,         0,         0,         0,      1.00,         0
  21540.00, 100342.00,         0,         0,         0,      1.00,         0
  21542.00, 100329.00,         0,         0,      1.00,         0,         0
  21560.00,  21568.00,         0,         0,         0,      1.00,         0
  21562.00, 100341.00,         0,         0,      1.00,         0,         0
  21568.00,  21580.00,         0,         0,         0,      1.00,         0
  21570.00,  21562.00,         0,         0,      1.00,         0,         0
  21580.00,  21854.00,         0,         0,      1.00,         0,         0
  21582.00,  21570.00,         0,         0,         0,      1.00,         0
  21608.00,  21582.00,         0,         0,         0,      1.00,         0
  21624.00,  21631.00,         0,         0,         0,      1.00,         0
  21626.00,  21608.00,         0,         0,         0,      1.00,         0
  21631.00,  21642.00,         0,         0,         0,      1.00,         0
  21632.00,  21626.00,         0,         0,      1.00,         0,         0
  21642.00,  21662.00,         0,         0,      1.00,         0,         0
  21644.00,  21632.00,         0,         0,      1.00,         0,         0
  21662.00,  21354.00,         0,         0,      1.00,         0,         0
  21664.00,  21644.00,         0,         0,         0,      1.00,         0
  21668.00,  21696.00,         0,         0,      1.00,         0,         0
  21670.00,  20275.00,         0,         0,         0,      1.00,         0
  21690.00,  21670.00,         0,         0,         0,      1.00,         0
  21696.00,  21700.00,         0,         0,         0,      1.00,         0
  21700.00, 100340.00,         0,         0,         0,      1.00,         0
  21706.00,  21780.00,         0,         0,         0,      1.00,         0
  21714.00,  21690.00,         0,         0,      1.00,         0,         0
  21764.00,  21714.00,         0,         0,      1.00,         0,         0
  21772.00,  21764.00,         0,         0,         0,      1.00,         0
  21780.00,  31480.00,         0,         0,         0,      1.00,         0
  21782.00,  21772.00,         0,         0,         0,      1.00,         0
  21854.00,  21624.00,         0,         0,      1.00,         0,         0
  21862.00,  22218.00,      1.00,         0,         0,         0,         0
  22004.00,  26711.00,      1.00,         0,         0,         0,         0
  22008.00,  26712.00,         0,      1.00,         0,         0,         0
  22214.00,  26238.00,         0,      1.00,         0,         0,         0
  22218.00,  20814.00,      1.00,         0,         0,         0,         0
  22224.00,  26242.00,         0,      1.00,         0,         0,         0
  23224.00,  26221.00,      1.00,         0,         0,         0,         0
  23226.00,  26910.00,         0,      1.00,         0,         0,         0
  23228.00, 100313.00,      1.00,         0,         0,         0,         0
  23230.00,  26222.00,         0,      1.00,         0,         0,         0
  25472.00,  26285.00,         0,      1.00,         0,         0,         0
  25475.00,  21212.00,      1.00,         0,         0,         0,         0
  25482.00,  21326.00,         0,      1.00,         0,         0,         0
  26205.00,  13573.00,      1.00,         0,         0,         0,         0
  26206.00,  26208.00,         0,      1.00,         0,         0,         0
  26208.00,  21094.00,         0,      1.00,         0,         0,         0
  26209.00,  26205.00,      1.00,         0,         0,         0,         0
  26212.00,  20561.00,         0,      1.00,         0,         0,         0
  26213.00,  21309.00,      1.00,         0,         0,         0,         0
  26217.00,  20560.00,      1.00,         0,         0,         0,         0
  26218.00,  26904.00,         0,      1.00,         0,         0,         0
  26219.00,  20536.00,      1.00,         0,         0,         0,         0
  26220.00,  40045.00,         0,      1.00,         0,         0,         0
  26221.00,  26905.00,      1.00,         0,         0,         0,         0
  26222.00,  21034.00,         0,      1.00,         0,         0,         0
  26223.00,  23228.00,      1.00,         0,         0,         0,         0
  26226.00,  26228.00,         0,      1.00,         0,         0,         0
  26227.00,  26223.00,      1.00,         0,         0,         0,         0
  26228.00,  26232.00,         0,      1.00,         0,         0,         0
  26229.00,  26227.00,      1.00,         0,         0,         0,         0
  26231.00,  26229.00,      1.00,         0,         0,         0,         0
  26232.00,  21042.00,         0,      1.00,         0,         0,         0
  26233.00,  26231.00,      1.00,         0,         0,         0,         0
  26237.00,  26233.00,      1.00,         0,         0,         0,         0
  26238.00,  22224.00,         0,      1.00,         0,         0,         0
  26239.00,  21862.00,      1.00,         0,         0,         0,         0
  26242.00,  20854.00,         0,      1.00,         0,         0,         0
  26243.00,  26239.00,      1.00,         0,         0,         0,         0
  26245.00,  20389.00,      1.00,         0,         0,         0,         0
  26249.00,  20395.00,      1.00,         0,         0,         0,         0
  26250.00,  20696.00,         0,      1.00,         0,         0,         0
  26251.00,  21320.00,      1.00,         0,         0,         0,         0
  26252.00,  21106.00,         0,      1.00,         0,         0,         0
  26253.00,  26935.00,      1.00,         0,         0,         0,         0
  26257.00,  21104.00,      1.00,         0,         0,         0,         0
  26259.00, 100320.00,      1.00,         0,         0,         0,         0
  26283.00,  25472.00,         0,      1.00,         0,         0,         0
  26285.00,  26287.00,         0,      1.00,         0,         0,         0
  26286.00,  25475.00,      1.00,         0,         0,         0,         0
  26287.00,  21134.00,         0,      1.00,         0,         0,         0
  26288.00,  26286.00,      1.00,         0,         0,         0,         0
  26289.00,  28911.00,         0,      1.00,         0,         0,         0
  26290.00,  26894.00,      1.00,         0,         0,         0,         0
  26703.00,  21066.00,         0,      1.00,         0,         0,         0
  26704.00,  21233.00,         0,      1.00,         0,         0,         0
  26705.00,  21338.00,      1.00,         0,         0,         0,         0
  26706.00,  40252.00,         0,      1.00,         0,         0,         0
  26707.00,  21244.00,      1.00,         0,         0,         0,         0
  26708.00,  26710.00,         0,      1.00,         0,         0,         0
  26710.00,  22008.00,         0,      1.00,         0,         0,         0
  26711.00,  26945.00,      1.00,         0,         0,         0,         0
  26712.00,  26714.00,         0,      1.00,         0,         0,         0
  26713.00,  22004.00,      1.00,         0,         0,         0,         0
  26714.00,  40247.00,         0,      1.00,         0,         0,         0
  26715.00,  26713.00,      1.00,         0,         0,         0,         0
  26716.00,  26718.00,         0,      1.00,         0,         0,         0
  26717.00,  40246.00,      1.00,         0,         0,         0,         0
  26718.00,  26720.00,         0,      1.00,         0,         0,         0
  26719.00,  26717.00,      1.00,         0,         0,         0,         0
  26720.00,  26942.00,         0,      1.00,         0,         0,         0
  26721.00,  26719.00,      1.00,         0,         0,         0,         0
  26722.00,  40244.00,         0,      1.00,         0,         0,         0
  26723.00,  26941.00,      1.00,         0,         0,         0,         0
  26810.00,  26812.00,         0,      1.00,         0,         0,         0
  26811.00,  40245.00,      1.00,         0,         0,         0,         0
  26812.00,  26814.00,         0,      1.00,         0,         0,         0
  26813.00,  26811.00,      1.00,         0,         0,         0,         0
  26814.00,  26816.00,         0,      1.00,         0,         0,         0
  26815.00,  26813.00,      1.00,         0,         0,         0,         0
  26816.00,  40233.00,         0,      1.00,         0,         0,         0
  26817.00,  26815.00,      1.00,         0,         0,         0,         0
  26818.00,  40237.00,         0,      1.00,         0,         0,         0
  26819.00,  40235.00,      1.00,         0,         0,         0,         0
  26820.00,  40228.00,         0,      1.00,         0,         0,         0
  26821.00,  26819.00,      1.00,         0,         0,         0,         0
  26822.00,  26826.00,         0,      1.00,         0,         0,         0
  26823.00,  40225.00,      1.00,         0,         0,         0,         0
  26826.00,  26828.00,         0,      1.00,         0,         0,         0
  26827.00,  26823.00,      1.00,         0,         0,         0,         0
  26828.00,  20285.00,         0,      1.00,         0,         0,         0
  26829.00,  26827.00,      1.00,         0,         0,         0,         0
  26830.00,  40203.00,         0,      1.00,         0,         0,         0
  26831.00,  21306.00,      1.00,         0,         0,         0,         0
  26832.00,  26834.00,         0,      1.00,         0,         0,         0
  26833.00,  40207.00,      1.00,         0,         0,         0,         0
  26835.00,  26833.00,      1.00,         0,         0,         0,         0
  26893.00,  26289.00,         0,      1.00,         0,         0,         0
  26894.00,  21138.00,      1.00,         0,         0,         0,         0
  26904.00,  40043.00,         0,      1.00,         0,         0,         0
  26905.00,  26219.00,      1.00,         0,         0,         0,         0
  26911.00,  23224.00,      1.00,         0,         0,         0,         0
  26914.00, 100314.00,         0,      1.00,         0,         0,         0
  26922.00,  26926.00,         0,      1.00,         0,         0,         0
  26923.00, 100304.00,      1.00,         0,         0,         0,         0
  26926.00,  26928.00,         0,      1.00,         0,         0,         0
  26927.00,  26923.00,      1.00,         0,         0,         0,         0
  26928.00,  20392.00,         0,      1.00,         0,         0,         0
  26929.00,  26927.00,      1.00,         0,         0,         0,         0
  26934.00,  26252.00,         0,      1.00,         0,         0,         0
  26935.00,  26251.00,      1.00,         0,         0,         0,         0
  26940.00,  26722.00,         0,      1.00,         0,         0,         0
  26941.00,  26943.00,      1.00,         0,         0,         0,         0
  26942.00,  26940.00,         0,      1.00,         0,         0,         0
  26943.00,  26721.00,      1.00,         0,         0,         0,         0
  26945.00,  40249.00,      1.00,         0,         0,         0,         0
  28023.00,  28141.00,      1.00,         0,         0,         0,         0
  28042.00,  28146.00,      1.00,         0,         0,         0,         0
  28105.00,  33622.00,         0,      1.00,         0,         0,         0
  28107.00,  28369.00,         0,      1.00,         0,         0,         0
  28124.00,  31113.00,         0,         0,      1.00,         0,         0
  28138.00,  28139.00,         0,      1.00,         0,         0,         0
  28139.00,  28140.00,         0,      1.00,         0,         0,         0
  28140.00,  28143.00,         0,      1.00,         0,         0,         0
  28141.00,  34948.00,      1.00,         0,         0,         0,         0
  28143.00,  28144.00,         0,      1.00,         0,         0,         0
  28146.00,  28167.00,      1.00,         0,         0,         0,         0
  28147.00,  28148.00,      1.00,         0,         0,         0,         0
  28148.00,  28023.00,      1.00,         0,         0,         0,         0
  28150.00,  29467.00,         0,      1.00,         0,         0,         0
  28152.00,  30797.00,      1.00,         0,         0,         0,         0
  28153.00,  30626.00,         0,      1.00,         0,         0,         0
  28156.00,  30645.00,      1.00,         0,         0,         0,         0
  28158.00,  30600.00,      1.00,         0,         0,         0,         0
  28159.00,  32474.00,         0,      1.00,         0,         0,         0
  28161.00,  30636.00,         0,      1.00,         0,         0,         0
  28164.00,  30632.00,      1.00,         0,         0,         0,         0
  28173.00,  30528.00,         0,      1.00,         0,         0,         0
  28176.00,  28773.00,      1.00,         0,         0,         0,         0
  28183.00,  28184.00,      1.00,         0,         0,         0,         0
  28184.00,  30478.00,      1.00,         0,         0,         0,         0
  28185.00,  30483.00,         0,      1.00,         0,         0,         0
  28207.00,  30536.00,      1.00,         0,         0,         0,         0
  28240.00,  35436.00,      1.00,         0,         0,         0,         0
  28246.00,  30713.00,      1.00,         0,         0,         0,         0
  28247.00,  28246.00,      1.00,         0,         0,         0,         0
  28253.00,  28259.00,      1.00,         0,         0,         0,         0
  28253.00,  29458.00,         0,      1.00,         0,         0,         0
  28256.00,  28257.00,         0,      1.00,         0,         0,         0
  28257.00,  28253.00,         0,      1.00,         0,         0,         0
  28259.00,  28240.00,      1.00,         0,         0,         0,         0
  28263.00,  28238.00,         0,      1.00,         0,         0,         0
  28319.00,  28324.00,      1.00,         0,         0,         0,         0
  28324.00,  28325.00,      1.00,         0,         0,         0,         0
  28324.00,  35351.00,      1.00,         0,         0,         0,         0
  28330.00,  28912.00,         0,      1.00,         0,         0,         0
  28330.00,  33530.00,         0,      1.00,         0,         0,         0
  28346.00,  28330.00,         0,      1.00,         0,         0,         0
  28347.00,  28346.00,         0,      1.00,         0,         0,         0
  28351.00,  28365.00,      1.00,         0,         0,         0,         0
  28352.00,  28351.00,      1.00,         0,         0,         0,         0
  28357.00,  28358.00,         0,      1.00,         0,         0,         0
  28357.00,  35352.00,         0,      1.00,         0,         0,         0
  28365.00,  28098.00,      1.00,         0,         0,         0,         0
  28365.00,  28366.00,      1.00,         0,         0,         0,         0
  28369.00,  28370.00,         0,      1.00,         0,         0,         0
  28370.00,  28357.00,         0,      1.00,         0,         0,         0
  28384.00,  28982.00,      1.00,         0,         0,         0,         0
  28385.00,  28913.00,         0,      1.00,         0,         0,         0
  28387.00,  28319.00,      1.00,         0,         0,         0,         0
  28492.00,  33232.00,         0,      1.00,         0,         0,         0
  28497.00,  30753.00,      1.00,         0,         0,         0,         0
  28502.00,  30752.00,         0,      1.00,         0,         0,         0
  28532.00,  28502.00,         0,      1.00,         0,         0,         0
  28537.00,  34662.00,      1.00,         0,         0,         0,         0
  28552.00,  30789.00,         0,      1.00,         0,         0,         0
  28557.00,  40022.00,      1.00,         0,         0,         0,         0
  28567.00,  40063.00,         0,      1.00,         0,         0,         0
  28602.00,  28648.00,      1.00,         0,         0,         0,         0
  28617.00,  40339.00,         0,      1.00,         0,         0,         0
  28622.00,  28627.00,      1.00,         0,         0,         0,         0
  28627.00,  34941.00,      1.00,         0,         0,         0,         0
  28637.00,  28936.00,         0,      1.00,         0,         0,         0
  28647.00,  28637.00,         0,      1.00,         0,         0,         0
  28648.00,  40021.00,      1.00,         0,         0,         0,         0
  28651.00,  40020.00,         0,      1.00,         0,         0,         0
  28657.00,  40018.00,      1.00,         0,         0,         0,         0
  28663.00,  40059.00,         0,      1.00,         0,         0,         0
  28664.00,  30961.00,         0,      1.00,         0,         0,         0
  28676.00,  28664.00,      1.00,         0,         0,         0,         0
  28677.00,  40348.00,      1.00,         0,         0,         0,         0
  28678.00,  28676.00,      1.00,         0,         0,         0,         0
  28690.00,  28678.00,      1.00,         0,         0,         0,         0
  28709.00,  28651.00,         0,      1.00,         0,         0,         0
  28717.00,  40351.00,         0,      1.00,         0,         0,         0
  28747.00,  40011.00,         0,      1.00,         0,         0,         0
  28757.00,  40061.00,         0,      1.00,         0,         0,         0
  28766.00,  40025.00,         0,      1.00,         0,         0,         0
  28769.00,  34675.00,         0,      1.00,         0,         0,         0
  28770.00,  30925.00,         0,      1.00,         0,         0,         0
  28772.00,  32207.00,         0,      1.00,         0,         0,         0
  28773.00,  28778.00,      1.00,         0,         0,         0,         0
  28774.00,  28174.00,         0,      1.00,         0,         0,         0
  28775.00,  28776.00,      1.00,         0,         0,         0,         0
  28776.00,  28663.00,      1.00,         0,         0,         0,         0
  28777.00,  33464.00,         0,      1.00,         0,         0,         0
  28778.00,  31413.00,      1.00,         0,         0,         0,         0
  28781.00,  28774.00,         0,      1.00,         0,         0,         0
  28787.00,  34693.00,         0,      1.00,         0,         0,         0
  28791.00,  28787.00,         0,      1.00,         0,         0,         0
  28794.00,  30914.00,         0,      1.00,         0,         0,         0
  28795.00,  32307.00,      1.00,         0,         0,         0,         0
  28816.00,  28820.00,      1.00,         0,         0,         0,         0
  28817.00,  34199.00,         0,      1.00,         0,         0,         0
  28820.00,  28824.00,      1.00,         0,         0,         0,         0
  28821.00,  28105.00,         0,      1.00,         0,         0,         0
  28823.00,  28821.00,         0,      1.00,         0,         0,         0
  28824.00,  28850.00,      1.00,         0,         0,         0,         0
  28837.00,  29462.00,         0,      1.00,         0,         0,         0
  28847.00,  34212.00,         0,      1.00,         0,         0,         0
  28849.00,  28854.00,      1.00,         0,         0,         0,         0
  28850.00,  28849.00,      1.00,         0,         0,         0,         0
  28854.00,  30558.00,      1.00,         0,         0,         0,         0
  28861.00,  28823.00,         0,      1.00,         0,         0,         0
  28875.00,  28207.00,      1.00,         0,         0,         0,         0
  28876.00,  33455.00,         0,      1.00,         0,         0,         0
  28877.00,  33172.00,      1.00,         0,         0,         0,         0
  28895.00,  28899.00,      1.00,         0,         0,         0,         0
  28899.00,  33522.00,      1.00,         0,         0,         0,         0
  28900.00,  28896.00,         0,      1.00,         0,         0,         0
  28903.00,  30731.00,         0,      1.00,         0,         0,         0
  28905.00,  28903.00,         0,      1.00,         0,         0,         0
  28907.00,  28905.00,         0,      1.00,         0,         0,         0
  28909.00,  35148.00,         0,      1.00,         0,         0,         0
  28911.00,  28385.00,         0,      1.00,         0,         0,         0
  28913.00,  28909.00,         0,      1.00,         0,         0,         0
  28916.00,  28922.00,         0,      1.00,         0,         0,         0
  28922.00, 100291.00,         0,      1.00,         0,         0,         0
  28925.00,  28924.00,      1.00,         0,         0,         0,         0
  28934.00,  28602.00,      1.00,         0,         0,         0,         0
  28937.00,  34940.00,         0,      1.00,         0,         0,         0
  28939.00,  30638.00,      1.00,         0,         0,         0,         0
  28940.00,  40259.00,         0,      1.00,         0,         0,         0
  28946.00,  28791.00,         0,      1.00,         0,         0,         0
  28948.00,  30967.00,      1.00,         0,         0,         0,         0
  28962.00,  28775.00,         0,      1.00,         0,         0,         0
  28971.00,  30958.00,      1.00,         0,         0,         0,         0
  28981.00,  31657.00,      1.00,         0,         0,         0,         0
  28982.00,  26290.00,      1.00,         0,         0,         0,         0
  28984.00,  34914.00,      1.00,         0,         0,         0,         0
  28987.00,  28916.00,         0,      1.00,         0,         0,         0
  29046.00, 100269.00,         0,         0,      1.00,         0,         0
  29048.00,  40052.00,      1.00,         0,         0,         0,         0
  29094.00,  28384.00,      1.00,         0,         0,         0,         0
  29148.00, 100290.00,      1.00,         0,         0,         0,         0
  29199.00,  29094.00,      1.00,         0,         0,         0,         0
  29346.00,  35437.00,         0,      1.00,         0,         0,         0
  29349.00,  34555.00,      1.00,         0,         0,         0,         0
  29448.00,  35149.00,      1.00,         0,         0,         0,         0
  29449.00,  29448.00,      1.00,         0,         0,         0,         0
  29450.00,  29449.00,      1.00,         0,         0,         0,         0
  29458.00,  28253.00,      1.00,         0,         0,         0,         0
  29462.00,  33140.00,         0,      1.00,         0,         0,         0
  29467.00,  30714.00,         0,      1.00,         0,         0,         0
  29506.00,  30788.00,         0,      1.00,         0,         0,         0
  29551.00,  33933.00,         0,      1.00,         0,         0,         0
  29576.00,  30799.00,      1.00,         0,         0,         0,         0
  29624.00,  33439.00,         0,      1.00,         0,         0,         0
  29687.00,  29450.00,      1.00,         0,         0,         0,         0
  29889.00,  33072.00,      1.00,         0,         0,         0,         0
  30391.00,  33619.00,         0,      1.00,         0,         0,         0
  30392.00,  30907.00,      1.00,         0,         0,         0,         0
  30393.00,  30899.00,         0,      1.00,         0,         0,         0
  30394.00,  30393.00,         0,      1.00,         0,         0,         0
  30396.00,  36228.00,      1.00,         0,         0,         0,         0
  30397.00,  30402.00,      1.00,         0,         0,         0,         0
  30401.00,  30394.00,         0,      1.00,         0,         0,         0
  30402.00,  30406.00,      1.00,         0,         0,         0,         0
  30403.00,  30401.00,         0,      1.00,         0,         0,         0
  30406.00,  34154.00,      1.00,         0,         0,         0,         0
  30407.00,  34155.00,         0,      1.00,         0,         0,         0
  30409.00,  28165.00,      1.00,         0,         0,         0,         0
  30445.00,  30471.00,         0,      1.00,         0,         0,         0
  30471.00,  30475.00,         0,      1.00,         0,         0,         0
  30473.00,  31471.00,      1.00,         0,         0,         0,         0
  30475.00,  30479.00,         0,      1.00,         0,         0,         0
  30477.00,  28183.00,      1.00,         0,         0,         0,         0
  30478.00,  30473.00,      1.00,         0,         0,         0,         0
  30483.00,  30484.00,         0,      1.00,         0,         0,         0
  30483.00,  35323.00,         0,      1.00,         0,         0,         0
  30484.00,  30496.00,         0,      1.00,         0,         0,         0
  30485.00,  30489.00,      1.00,         0,         0,         0,         0
  30486.00,  31444.00,      1.00,         0,         0,         0,         0
  30487.00,  30497.00,         0,      1.00,         0,         0,         0
  30489.00,  30494.00,      1.00,         0,         0,         0,         0
  30492.00,  30487.00,         0,      1.00,         0,         0,         0
  30496.00,  30492.00,         0,      1.00,         0,         0,         0
  30497.00,  30498.00,         0,      1.00,         0,         0,         0
  30498.00,  30502.00,         0,      1.00,         0,         0,         0
  30500.00,  31434.00,      1.00,         0,         0,         0,         0
  30502.00,  30523.00,         0,      1.00,         0,         0,         0
  30503.00,  35241.00,      1.00,         0,         0,         0,         0
  30505.00,  35248.00,         0,      1.00,         0,         0,         0
  30506.00,  30525.00,         0,      1.00,         0,         0,         0
  30516.00,  31426.00,      1.00,         0,         0,         0,         0
  30517.00,  30500.00,      1.00,         0,         0,         0,         0
  30523.00,  30505.00,         0,      1.00,         0,         0,         0
  30525.00,  30527.00,         0,      1.00,         0,         0,         0
  30526.00,  28781.00,         0,      1.00,         0,         0,         0
  30527.00,  30526.00,         0,      1.00,         0,         0,         0
  30528.00,  35070.00,         0,      1.00,         0,         0,         0
  30531.00,  30538.00,         0,      1.00,         0,         0,         0
  30532.00,  30912.00,      1.00,         0,         0,         0,         0
  30534.00,  28138.00,         0,      1.00,         0,         0,         0
  30534.00,  28847.00,         0,      1.00,         0,         0,         0
  30536.00,  30532.00,      1.00,         0,         0,         0,         0
  30538.00,  30534.00,         0,      1.00,         0,         0,         0
  30555.00,  28861.00,         0,      1.00,         0,         0,         0
  30558.00,  35074.00,      1.00,         0,         0,         0,         0
  30562.00,  30555.00,         0,      1.00,         0,         0,         0
  30570.00,  33592.00,      1.00,         0,         0,         0,         0
  30611.00,  28160.00,      1.00,         0,         0,         0,         0
  30623.00,  32569.00,         0,      1.00,         0,         0,         0
  30626.00,  30625.00,         0,      1.00,         0,         0,         0
  30627.00,  30628.00,      1.00,         0,         0,         0,         0
  30628.00,  28155.00,      1.00,         0,         0,         0,         0
  30631.00,  33540.00,      1.00,         0,         0,         0,         0
  30632.00,  34706.00,      1.00,         0,         0,         0,         0
  30636.00,  30643.00,         0,      1.00,         0,         0,         0
  30637.00,  28163.00,      1.00,         0,         0,         0,         0
  30638.00,  30642.00,      1.00,         0,         0,         0,         0
  30642.00,  30637.00,      1.00,         0,         0,         0,         0
  30643.00,  30962.00,         0,      1.00,         0,         0,         0
  30644.00,  28154.00,         0,      1.00,         0,         0,         0
  30645.00,  30647.00,      1.00,         0,         0,         0,         0
  30646.00,  30644.00,         0,      1.00,         0,         0,         0
  30647.00,  35741.00,      1.00,         0,         0,         0,         0
  30648.00,  30646.00,         0,      1.00,         0,         0,         0
  30713.00,  28151.00,      1.00,         0,         0,         0,         0
  30714.00,  34252.00,         0,      1.00,         0,         0,         0
  30725.00,  30708.00,         0,      1.00,         0,         0,         0
  30726.00,  29687.00,      1.00,         0,         0,         0,         0
  30731.00,  32317.00,         0,      1.00,         0,         0,         0
  30752.00,  28492.00,         0,      1.00,         0,         0,         0
  30753.00,  33223.00,      1.00,         0,         0,         0,         0
  30765.00,  29579.00,      1.00,         0,         0,         0,         0
  30787.00,  33934.00,      1.00,         0,         0,         0,         0
  30788.00,  28149.00,         0,      1.00,         0,         0,         0
  30789.00,  30792.00,         0,      1.00,         0,         0,         0
  30790.00,  28557.00,      1.00,         0,         0,         0,         0
  30791.00,  33165.00,      1.00,         0,         0,         0,         0
  30792.00,  28532.00,         0,      1.00,         0,         0,         0
  30797.00,  34708.00,      1.00,         0,         0,         0,         0
  30799.00,  34713.00,      1.00,         0,         0,         0,         0
  30800.00,  29567.00,         0,      1.00,         0,         0,         0
  30803.00,  30800.00,         0,      1.00,         0,         0,         0
  30804.00,  33438.00,      1.00,         0,         0,         0,         0
  30866.00,  34947.00,      1.00,         0,         0,         0,         0
  30890.00,  29889.00,      1.00,         0,         0,         0,         0
  30891.00,  28837.00,         0,      1.00,         0,         0,         0
  30898.00,  30396.00,      1.00,         0,         0,         0,         0
  30907.00,  33621.00,      1.00,         0,         0,         0,         0
  30913.00,  30531.00,         0,      1.00,         0,         0,         0
  30915.00,  33537.00,      1.00,         0,         0,         0,         0
  30925.00,  32107.00,         0,      1.00,         0,         0,         0
  30926.00,  33444.00,      1.00,         0,         0,         0,         0
  30927.00,  32678.00,      1.00,         0,         0,         0,         0
  30954.00,  28966.00,         0,      1.00,         0,         0,         0
  30958.00,  30477.00,      1.00,         0,         0,         0,         0
  30961.00,  28961.00,      1.00,         0,         0,         0,         0
  30962.00,  28941.00,         0,      1.00,         0,         0,         0
  30967.00,  34198.00,      1.00,         0,         0,         0,         0
  30970.00,  28948.00,      1.00,         0,         0,         0,         0
  30976.00,  33463.00,      1.00,         0,         0,         0,         0
  30980.00,  31113.00,      1.00,         0,         0,         0,         0
  31098.00,  30890.00,      1.00,         0,         0,         0,         0
  31101.00,  28119.00,         0,         0,         0,      1.00,         0
  31101.00,  30979.00,         0,      1.00,         0,         0,         0
  31113.00, 100326.00,         0,         0,         0,      1.00,         0
  31167.00,  31347.00,         0,         0,         0,      1.00,         0
  31184.00,  28984.00,      1.00,         0,         0,         0,         0
  31297.00,  31101.00,         0,         0,      1.00,         0,         0
  31317.00,  31297.00,         0,         0,      1.00,         0,         0
  31337.00,  31317.00,         0,         0,      1.00,         0,         0
  31347.00,  32202.00,         0,         0,      1.00,         0,         0
  31385.00,  33938.00,      1.00,         0,         0,         0,         0
  31409.00,  28175.00,      1.00,         0,         0,         0,         0
  31411.00, 100338.00,         0,         0,      1.00,         0,         0
  31413.00,  31416.00,      1.00,         0,         0,         0,         0
  31416.00,  31418.00,      1.00,         0,         0,         0,         0
  31418.00,  30503.00,      1.00,         0,         0,         0,         0
  31426.00,  30517.00,      1.00,         0,         0,         0,         0
  31427.00,  31429.00,         0,         0,      1.00,         0,         0
  31429.00,  31452.00,         0,         0,      1.00,         0,         0
  31434.00,  30485.00,      1.00,         0,         0,         0,         0
  31444.00,  28970.00,      1.00,         0,         0,         0,         0
  31452.00,  31457.00,         0,         0,         0,      1.00,         0
  31457.00,  21782.00,         0,         0,      1.00,         0,         0
  31480.00,  31486.00,         0,         0,      1.00,         0,         0
  31486.00,  31517.00,         0,         0,         0,      1.00,         0
  31517.00,  31537.00,         0,         0,         0,      1.00,         0
  31537.00, 100328.00,         0,         0,         0,      1.00,         0
  31567.00,  31842.00,         0,         0,         0,      1.00,         0
  31657.00,  21330.00,      1.00,         0,         0,         0,         0
  31842.00,  31867.00,         0,         0,         0,      1.00,         0
  31842.00,  35406.00,         0,      1.00,         0,         0,         0
  31867.00,  31337.00,         0,         0,      1.00,         0,         0
  32107.00,  28769.00,         0,      1.00,         0,         0,         0
  32107.00,  40261.00,         0,      1.00,         0,         0,         0
  32117.00,  30927.00,      1.00,         0,         0,         0,         0
  32202.00,  31411.00,         0,         0,      1.00,         0,         0
  32203.00,  30970.00,      1.00,         0,         0,         0,         0
  32207.00,  33460.00,         0,      1.00,         0,         0,         0
  32212.00,  34681.00,      1.00,         0,         0,         0,         0
  32307.00,  28816.00,      1.00,         0,         0,         0,         0
  32317.00,  33062.00,         0,      1.00,         0,         0,         0
  32327.00,  30726.00,      1.00,         0,         0,         0,         0
  32387.00,  28157.00,         0,      1.00,         0,         0,         0
  32474.00,  33541.00,         0,      1.00,         0,         0,         0
  32565.00,  28162.00,         0,      1.00,         0,         0,         0
  32569.00,  32565.00,         0,      1.00,         0,         0,         0
  32678.00,  34677.00,      1.00,         0,         0,         0,         0
  32733.00,  33327.00,      1.00,         0,         0,         0,         0
  32781.00,  40347.00,      1.00,         0,         0,         0,         0
  32788.00,  40009.00,      1.00,         0,         0,         0,         0
  32864.00,  40062.00,      1.00,         0,         0,         0,         0
  32929.00,  40014.00,      1.00,         0,         0,         0,         0
  33062.00,  33380.00,         0,      1.00,         0,         0,         0
  33062.00,  33418.00,         0,      1.00,         0,         0,         0
  33067.00,  32327.00,      1.00,         0,         0,         0,         0
  33070.00,  30891.00,         0,      1.00,         0,         0,         0
  33072.00,  33382.00,      1.00,         0,         0,         0,         0
  33082.00,  35092.00,      1.00,         0,         0,         0,         0
  33126.00,  40340.00,      1.00,         0,         0,         0,         0
  33137.00,  29349.00,      1.00,         0,         0,         0,         0
  33140.00,  28876.00,         0,      1.00,         0,         0,         0
  33165.00,  30790.00,      1.00,         0,         0,         0,         0
  33172.00,  33137.00,      1.00,         0,         0,         0,         0
  33223.00,  28537.00,      1.00,         0,         0,         0,         0
  33232.00,  36405.00,         0,      1.00,         0,         0,         0
  33242.00,  28497.00,      1.00,         0,         0,         0,         0
  33327.00,  28938.00,      1.00,         0,         0,         0,         0
  33369.00,  28987.00,         0,      1.00,         0,         0,         0
  33373.00,  28981.00,      1.00,         0,         0,         0,         0
  33378.00,  33067.00,      1.00,         0,         0,         0,         0
  33381.00,  33070.00,         0,      1.00,         0,         0,         0
  33394.00,  33395.00,      1.00,         0,         0,         0,         0
  33395.00,  33443.00,      1.00,         0,         0,         0,         0
  33396.00,  33404.00,      1.00,         0,         0,         0,         0
  33404.00,  33445.00,      1.00,         0,         0,         0,         0
  33416.00,  33417.00,      1.00,         0,         0,         0,         0
  33416.00,  33467.00,      1.00,         0,         0,         0,         0
  33417.00,  33067.00,      1.00,         0,         0,         0,         0
  33417.00,  33454.00,      1.00,         0,         0,         0,         0
  33418.00,  33419.00,         0,      1.00,         0,         0,         0
  33419.00,  33447.00,         0,      1.00,         0,         0,         0
  33433.00,  33456.00,         0,      1.00,         0,         0,         0
  33438.00,  29624.00,      1.00,         0,         0,         0,         0
  33439.00,  30803.00,         0,      1.00,         0,         0,         0
  33443.00,  33396.00,      1.00,         0,         0,         0,         0
  33444.00,  33458.00,      1.00,         0,         0,         0,         0
  33446.00,  33416.00,      1.00,         0,         0,         0,         0
  33448.00,  33433.00,         0,      1.00,         0,         0,         0
  33454.00,  28877.00,      1.00,         0,         0,         0,         0
  33455.00,  33418.00,         0,      1.00,         0,         0,         0
  33455.00,  33951.00,         0,      1.00,         0,         0,         0
  33456.00,  33394.00,         0,      1.00,         0,         0,         0
  33457.00,  28770.00,         0,      1.00,         0,         0,         0
  33458.00,  32212.00,      1.00,         0,         0,         0,         0
  33459.00,  30976.00,      1.00,         0,         0,         0,         0
  33460.00,  33457.00,         0,      1.00,         0,         0,         0
  33463.00,  34696.00,      1.00,         0,         0,         0,         0
  33464.00,  28772.00,         0,      1.00,         0,         0,         0
  33467.00,  34698.00,      1.00,         0,         0,         0,         0
  33467.00,  35227.00,      1.00,         0,         0,         0,         0
  33469.00,  33419.00,         0,      1.00,         0,         0,         0
  33522.00,  30392.00,      1.00,         0,         0,         0,         0
  33524.00,  28319.00,      1.00,         0,         0,         0,         0
  33530.00,  33532.00,         0,      1.00,         0,         0,         0
  33530.00,  35066.00,         0,      1.00,         0,         0,         0
  33531.00,  33524.00,      1.00,         0,         0,         0,         0
  33537.00,  28795.00,      1.00,         0,         0,         0,         0
  33540.00,  30611.00,      1.00,         0,         0,         0,         0
  33541.00,  30623.00,         0,      1.00,         0,         0,         0
  33592.00,  35218.00,      1.00,         0,         0,         0,         0
  33592.00,  35327.00,      1.00,         0,         0,         0,         0
  33594.00,  35217.00,         0,      1.00,         0,         0,         0
  33594.00,  35325.00,         0,      1.00,         0,         0,         0
  33619.00,  28900.00,         0,      1.00,         0,         0,         0
  33621.00,  31153.00,      1.00,         0,         0,         0,         0
  33622.00,  28794.00,         0,      1.00,         0,         0,         0
  33623.00,  33594.00,         0,      1.00,         0,         0,         0
  33623.00,  34144.00,         0,      1.00,         0,         0,         0
  33624.00,  33631.00,      1.00,         0,         0,         0,         0
  33632.00,  33623.00,         0,      1.00,         0,         0,         0
  33633.00,  33635.00,      1.00,         0,         0,         0,         0
  33634.00,  33639.00,         0,      1.00,         0,         0,         0
  33635.00,  33636.00,      1.00,         0,         0,         0,         0
  33636.00,  34115.00,      1.00,         0,         0,         0,         0
  33637.00,  33634.00,         0,      1.00,         0,         0,         0
  33638.00,  33637.00,         0,      1.00,         0,         0,         0
  33638.00,  33642.00,         0,      1.00,         0,         0,         0
  33640.00,  33633.00,      1.00,         0,         0,         0,         0
  33641.00,  33636.00,      1.00,         0,         0,         0,         0
  33933.00,  29506.00,         0,      1.00,         0,         0,         0
  33934.00,  30765.00,         0,      1.00,         0,         0,         0
  33938.00,  33454.00,      1.00,         0,         0,         0,         0
  33951.00,  28817.00,         0,      1.00,         0,         0,         0
  34112.00,  33638.00,         0,      1.00,         0,         0,         0
  34115.00,  35046.00,      1.00,         0,         0,         0,         0
  34115.00,  35053.00,         0,      1.00,         0,         0,         0
  34145.00,  33624.00,      1.00,         0,         0,         0,         0
  34154.00,  34913.00,      1.00,         0,         0,         0,         0
  34155.00,  30403.00,         0,      1.00,         0,         0,         0
  34187.00,  28617.00,         0,      1.00,         0,         0,         0
  34198.00,  31385.00,      1.00,         0,         0,         0,         0
  34199.00,  28946.00,         0,      1.00,         0,         0,         0
  34212.00,  33469.00,         0,      1.00,         0,         0,         0
  34252.00,  30725.00,         0,      1.00,         0,         0,         0
  34555.00,  31098.00,      1.00,         0,         0,         0,         0
  34662.00,  30791.00,      1.00,         0,         0,         0,         0
  34668.00,  34187.00,         0,      1.00,         0,         0,         0
  34674.00,  32117.00,      1.00,         0,         0,         0,         0
  34674.00,  32733.00,      1.00,         0,         0,         0,         0
  34675.00,  40344.00,         0,      1.00,         0,         0,         0
  34676.00,  34675.00,         0,      1.00,         0,         0,         0
  34677.00,  30926.00,      1.00,         0,         0,         0,         0
  34681.00,  33459.00,      1.00,         0,         0,         0,         0
  34694.00,  28777.00,         0,      1.00,         0,         0,         0
  34695.00,  32203.00,      1.00,         0,         0,         0,         0
  34698.00,  28875.00,      1.00,         0,         0,         0,         0
  34706.00,  30631.00,      1.00,         0,         0,         0,         0
  34708.00,  30787.00,      1.00,         0,         0,         0,         0
  34713.00,  30804.00,      1.00,         0,         0,         0,         0
  34908.00,  30413.00,      1.00,         0,         0,         0,         0
  34913.00,  31184.00,      1.00,         0,         0,         0,         0
  34914.00,  30409.00,      1.00,         0,         0,         0,         0
  34940.00,  34668.00,         0,      1.00,         0,         0,         0
  34941.00,  28935.00,      1.00,         0,         0,         0,         0
  34947.00,  28207.00,      1.00,         0,         0,         0,         0
  34948.00,  30866.00,      1.00,         0,         0,         0,         0
  35042.00,  34112.00,         0,      1.00,         0,         0,         0
  35043.00,  35042.00,         0,      1.00,         0,         0,         0
  35046.00,  35047.00,      1.00,         0,         0,         0,         0
  35046.00,  35193.00,      1.00,         0,         0,         0,         0
  35053.00,  35065.00,         0,      1.00,         0,         0,         0
  35055.00,  34112.00,      1.00,         0,         0,         0,         0
  35065.00,  33524.00,      1.00,         0,         0,         0,         0
  35065.00,  35067.00,      1.00,         0,         0,         0,         0
  35066.00,  35055.00,      1.00,         0,         0,         0,         0
  35068.00,  35066.00,         0,      1.00,         0,         0,         0
  35070.00,  30562.00,         0,      1.00,         0,         0,         0
  35074.00,  31409.00,      1.00,         0,         0,         0,         0
  35089.00,  33102.00,         0,      1.00,         0,         0,         0
  35092.00,  36406.00,      1.00,         0,         0,         0,         0
  35148.00,  28907.00,         0,      1.00,         0,         0,         0
  35149.00,  29199.00,      1.00,         0,         0,         0,         0
  35193.00,  35200.00,      1.00,         0,         0,         0,         0
  35193.00,  35399.00,      1.00,         0,         0,         0,         0
  35199.00,  35201.00,         0,      1.00,         0,         0,         0
  35201.00,  35203.00,         0,      1.00,         0,         0,         0
  35202.00,  35203.00,         0,      1.00,         0,         0,         0
  35203.00,  35042.00,         0,      1.00,         0,         0,         0
  35204.00,  33469.00,         0,      1.00,         0,         0,         0
  35213.00,  35413.00,         0,      1.00,         0,         0,         0
  35217.00,  28842.00,         0,      1.00,         0,         0,         0
  35218.00,  33624.00,      1.00,         0,         0,         0,         0
  35219.00,  35328.00,      1.00,         0,         0,         0,         0
  35219.00,  35331.00,      1.00,         0,         0,         0,         0
  35221.00,  35213.00,         0,      1.00,         0,         0,         0
  35227.00,  35414.00,      1.00,         0,         0,         0,         0
  35241.00,  30516.00,      1.00,         0,         0,         0,         0
  35248.00,  30506.00,         0,      1.00,         0,         0,         0
  35254.00,  29402.00,      1.00,         0,         0,         0,         0
  35323.00,  35329.00,         0,      1.00,         0,         0,         0
  35323.00,  35334.00,         0,      1.00,         0,         0,         0
  35324.00,  31444.00,      1.00,         0,         0,         0,         0
  35325.00,  35213.00,         0,      1.00,         0,         0,         0
  35325.00,  35324.00,      1.00,         0,         0,         0,         0
  35327.00,  35221.00,      1.00,         0,         0,         0,         0
  35327.00,  35328.00,      1.00,         0,         0,         0,         0
  35328.00,  35324.00,      1.00,         0,         0,         0,         0
  35329.00,  35218.00,      1.00,         0,         0,         0,         0
  35331.00,  35329.00,      1.00,         0,         0,         0,         0
  35331.00,  35332.00,      1.00,         0,         0,         0,         0
  35332.00,  35217.00,         0,      1.00,         0,         0,         0
  35334.00,  35221.00,         0,      1.00,         0,         0,         0
  35334.00,  35332.00,         0,      1.00,         0,         0,         0
  35340.00,  28370.00,         0,      1.00,         0,         0,         0
  35351.00,  28351.00,      1.00,         0,         0,         0,         0
  35351.00,  35350.00,      1.00,         0,         0,         0,         0
  35352.00,  28346.00,         0,      1.00,         0,         0,         0
  35353.00,  35352.00,      1.00,         0,         0,         0,         0
  35399.00,  32202.00,      1.00,         0,         0,         0,         0
  35406.00,  35201.00,         0,      1.00,         0,         0,         0
  35413.00,  35204.00,         0,      1.00,         0,         0,         0
  35414.00,  35219.00,      1.00,         0,         0,         0,         0
  35437.00,  35438.00,      1.00,         0,         0,         0,         0
  35438.00,  35439.00,      1.00,         0,         0,         0,         0
  35440.00,  35441.00,      1.00,         0,         0,         0,         0
  35441.00,  35442.00,      1.00,         0,         0,         0,         0
  35444.00,  35445.00,      1.00,         0,         0,         0,         0
  35445.00,  35448.00,      1.00,         0,         0,         0,         0
  35446.00,  28247.00,      1.00,         0,         0,         0,         0
  35449.00,  35450.00,      1.00,         0,         0,         0,         0
  35450.00,  35455.00,      1.00,         0,         0,         0,         0
  35451.00,  35450.00,      1.00,         0,         0,         0,         0
  35455.00,  35446.00,      1.00,         0,         0,         0,         0
  35741.00,  32592.00,      1.00,         0,         0,         0,         0
  35741.00,  35740.00,         0,      1.00,         0,         0,         0
  35982.00,  28709.00,         0,      1.00,         0,         0,         0
  36228.00,  30397.00,      1.00,         0,         0,         0,         0
  36405.00,  35089.00,         0,      1.00,         0,         0,         0
  36406.00,  33242.00,      1.00,         0,         0,         0,         0
  37125.00,  20045.00,         0,      1.00,         0,         0,         0
  37125.00,  20075.00,         0,      1.00,         0,         0,         0
  40006.00,  40026.00,      1.00,         0,         0,         0,         0
  40007.00,  28757.00,         0,      1.00,         0,         0,         0
  40009.00,  40006.00,      1.00,         0,         0,         0,         0
  40011.00,  40015.00,         0,      1.00,         0,         0,         0
  40012.00,  32864.00,      1.00,         0,         0,         0,         0
  40014.00,  40012.00,      1.00,         0,         0,         0,         0
  40015.00,  28717.00,         0,      1.00,         0,         0,         0
  40018.00,  28677.00,      1.00,         0,         0,         0,         0
  40020.00,  28647.00,         0,      1.00,         0,         0,         0
  40021.00,  28657.00,      1.00,         0,         0,         0,         0
  40022.00,  40064.00,      1.00,         0,         0,         0,         0
  40022.00,  40299.00,      1.00,         0,         0,         0,         0
  40025.00,  40007.00,      1.00,         0,         0,         0,         0
  40026.00,  32781.00,      1.00,         0,         0,         0,         0
  40043.00,  26220.00,         0,      1.00,         0,         0,         0
  40045.00,  23226.00,         0,      1.00,         0,         0,         0
  40052.00, 100271.00,      1.00,         0,         0,         0,         0
  40059.00,  28694.00,         0,      1.00,         0,         0,         0
  40061.00,  28747.00,         0,      1.00,         0,         0,         0
  40062.00,  32788.00,      1.00,         0,         0,         0,         0
  40063.00,  28552.00,         0,      1.00,         0,         0,         0
  40064.00,  33126.00,      1.00,         0,         0,         0,         0
  40203.00,  26832.00,         0,      1.00,         0,         0,         0
  40205.00,  26831.00,      1.00,         0,         0,         0,         0
  40207.00,  40205.00,      1.00,         0,         0,         0,         0
  40225.00,  26821.00,      1.00,         0,         0,         0,         0
  40228.00,  40229.00,         0,      1.00,         0,         0,         0
  40229.00,  40230.00,         0,      1.00,         0,         0,         0
  40230.00,  26822.00,         0,      1.00,         0,         0,         0
  40232.00,  26817.00,      1.00,         0,         0,         0,         0
  40233.00,  40236.00,         0,      1.00,         0,         0,         0
  40235.00,  40232.00,      1.00,         0,         0,         0,         0
  40236.00,  26818.00,         0,      1.00,         0,         0,         0
  40237.00,  26820.00,         0,      1.00,         0,         0,         0
  40244.00,  26810.00,         0,      1.00,         0,         0,         0
  40245.00,  26723.00,      1.00,         0,         0,         0,         0
  40246.00,  26715.00,      1.00,         0,         0,         0,         0
  40247.00,  26716.00,         0,      1.00,         0,         0,         0
  40249.00,  40250.00,      1.00,         0,         0,         0,         0
  40250.00,  26707.00,      1.00,         0,         0,         0,         0
  40252.00,  26708.00,         0,      1.00,         0,         0,         0
  40255.00,  16965.00,      1.00,         0,         0,         0,         0
  40257.00,  19346.00,         0,      1.00,         0,         0,         0
  40259.00,  34676.00,         0,      1.00,         0,         0,         0
  40261.00,  40345.00,         0,      1.00,         0,         0,         0
  40267.00,  40276.00,         0,      1.00,         0,         0,         0
  40269.00,  40270.00,         0,      1.00,         0,         0,         0
  40270.00,  40267.00,      1.00,         0,         0,         0,         0
  40276.00,  40279.00,         0,      1.00,         0,         0,         0
  40279.00,  40280.00,         0,      1.00,         0,         0,         0
  40280.00,  40288.00,         0,      1.00,         0,         0,         0
  40289.00,  40298.00,         0,      1.00,         0,         0,         0
  40298.00,  28552.00,         0,      1.00,         0,         0,         0
  40298.00,  40339.00,         0,      1.00,         0,         0,         0
  40299.00,  40308.00,      1.00,         0,         0,         0,         0
  40309.00,  40317.00,      1.00,         0,         0,         0,         0
  40317.00,  40318.00,      1.00,         0,         0,         0,         0
  40318.00,  40321.00,      1.00,         0,         0,         0,         0
  40319.00,  40322.00,      1.00,         0,         0,         0,         0
  40321.00,  40319.00,      1.00,         0,         0,         0,         0
  40322.00,  40346.00,      1.00,         0,         0,         0,         0
  40337.00,  32117.00,      1.00,         0,         0,         0,         0
  40339.00,  28567.00,         0,      1.00,         0,         0,         0
  40340.00,  28622.00,      1.00,         0,         0,         0,         0
  40340.00,  40299.00,      1.00,         0,         0,         0,         0
  40344.00,  28766.00,         0,      1.00,         0,         0,         0
  40345.00,  40269.00,         0,      1.00,         0,         0,         0
  40346.00,  40337.00,      1.00,         0,         0,         0,         0
  40347.00,  34674.00,      1.00,         0,         0,         0,         0
  40348.00,  40350.00,      1.00,         0,         0,         0,         0
  40350.00,  32929.00,      1.00,         0,         0,         0,         0
  40351.00,  35982.00,         0,      1.00,         0,         0,         0
 100032.00, 100034.00,         0,         0,         0,      1.00,         0
 100034.00, 100036.00,         0,         0,         0,      1.00,         0
 100035.00, 100033.00,         0,         0,      1.00,         0,         0
 100036.00, 100038.00,         0,         0,         0,      1.00,         0
 100037.00, 100035.00,         0,         0,      1.00,         0,         0
 100038.00, 100040.00,         0,         0,         0,      1.00,         0
 100039.00, 100037.00,         0,         0,      1.00,         0,         0
 100040.00, 100056.00,         0,         0,         0,      1.00,         0
 100041.00, 100039.00,         0,         0,      1.00,         0,         0
 100056.00, 100062.00,         0,         0,         0,      1.00,         0
 100057.00, 100041.00,         0,         0,      1.00,         0,         0
 100062.00, 100064.00,         0,         0,         0,      1.00,         0
 100063.00, 100057.00,         0,         0,      1.00,         0,         0
 100064.00, 100066.00,         0,         0,         0,      1.00,         0
 100065.00, 100063.00,         0,         0,      1.00,         0,         0
 100066.00, 100282.00,         0,         0,         0,      1.00,         0
 100093.00, 100286.00,         0,         0,      1.00,         0,         0
 100094.00, 100107.00,         0,         0,         0,      1.00,         0
 100095.00, 100093.00,         0,         0,      1.00,         0,         0
 100107.00, 100121.00,         0,         0,         0,      1.00,         0
 100108.00, 100095.00,         0,         0,      1.00,         0,         0
 100109.00, 100108.00,         0,         0,      1.00,         0,         0
 100110.00, 100109.00,         0,         0,      1.00,         0,         0
 100121.00, 100125.00,         0,         0,         0,      1.00,         0
 100124.00, 100110.00,         0,         0,      1.00,         0,         0
 100125.00, 100127.00,         0,         0,         0,      1.00,         0
 100127.00, 100135.00,         0,         0,         0,      1.00,         0
 100135.00, 100137.00,         0,         0,         0,      1.00,         0
 100136.00, 100124.00,         0,         0,      1.00,         0,         0
 100137.00, 100153.00,         0,         0,         0,      1.00,         0
 100138.00, 100136.00,         0,         0,      1.00,         0,         0
 100151.00, 100138.00,         0,         0,      1.00,         0,         0
 100152.00, 100151.00,         0,         0,      1.00,         0,         0
 100154.00, 100152.00,         0,         0,      1.00,         0,         0
 100155.00, 100157.00,         0,         0,         0,      1.00,         0
 100157.00, 100159.00,         0,         0,         0,      1.00,         0
 100158.00, 100156.00,         0,         0,      1.00,         0,         0
 100159.00, 100186.00,         0,         0,         0,      1.00,         0
 100185.00, 100280.00,         0,         0,      1.00,         0,         0
 100186.00, 100190.00,         0,         0,         0,      1.00,         0
 100187.00, 100185.00,         0,         0,      1.00,         0,         0
 100190.00, 100192.00,         0,         0,         0,      1.00,         0
 100191.00, 100187.00,         0,         0,      1.00,         0,         0
 100192.00, 100200.00,         0,         0,         0,      1.00,         0
 100193.00, 100191.00,         0,         0,      1.00,         0,         0
 100200.00, 100201.00,         0,         0,         0,      1.00,         0
 100201.00, 100308.00,         0,         0,         0,      1.00,         0
 100202.00, 100193.00,         0,         0,      1.00,         0,         0
 100203.00, 100202.00,         0,         0,      1.00,         0,         0
 100214.00, 100216.00,         0,         0,         0,      1.00,         0
 100215.00, 100203.00,         0,         0,      1.00,         0,         0
 100216.00, 100220.00,         0,         0,         0,      1.00,         0
 100217.00, 100215.00,         0,         0,      1.00,         0,         0
 100220.00, 100222.00,         0,         0,         0,      1.00,         0
 100221.00, 100217.00,         0,         0,      1.00,         0,         0
 100222.00, 100224.00,         0,         0,         0,      1.00,         0
 100223.00, 100221.00,         0,         0,      1.00,         0,         0
 100224.00, 100241.00,         0,         0,         0,      1.00,         0
 100240.00, 100223.00,         0,         0,      1.00,         0,         0
 100241.00, 100245.00,         0,         0,         0,      1.00,         0
 100242.00, 100281.00,         0,         0,      1.00,         0,         0
 100245.00, 100247.00,         0,         0,         0,      1.00,         0
 100246.00, 100242.00,         0,         0,      1.00,         0,         0
 100247.00, 100249.00,         0,         0,         0,      1.00,         0
 100249.00, 100261.00,         0,         0,         0,      1.00,         0
 100259.00, 100246.00,         0,         0,      1.00,         0,         0
 100261.00, 100267.00,         0,         0,         0,      1.00,         0
 100266.00, 100259.00,         0,         0,      1.00,         0,         0
 100267.00, 100274.00,         0,         0,         0,      1.00,         0
 100269.00, 100266.00,         0,         0,      1.00,         0,         0
 100271.00, 100324.00,      1.00,         0,         0,         0,         0
 100274.00, 100276.00,         0,         0,         0,      1.00,         0
 100277.00,  29046.00,         0,         0,      1.00,         0,         0
 100278.00, 100277.00,         0,         0,      1.00,         0,         0
 100279.00, 100278.00,         0,         0,      1.00,         0,         0
 100280.00, 100158.00,         0,         0,      1.00,         0,         0
 100281.00, 100240.00,         0,         0,      1.00,         0,         0
 100282.00, 100287.00,         0,         0,         0,      1.00,         0
 100283.00, 100065.00,         0,         0,      1.00,         0,         0
 100286.00, 100283.00,         0,         0,      1.00,         0,         0
 100287.00, 100303.00,         0,         0,         0,      1.00,         0
 100290.00,  29048.00,      1.00,         0,         0,         0,         0
 100291.00,  28923.00,         0,      1.00,         0,         0,         0
 100292.00,  17055.00,         0,      1.00,         0,         0,         0
 100293.00,  17041.00,      1.00,         0,         0,         0,         0
 100295.00,  13453.00,      1.00,         0,         0,         0,         0
 100296.00,  17059.00,         0,      1.00,         0,         0,         0
 100299.00,  18021.00,      1.00,         0,         0,         0,         0
 100300.00,  17067.00,         0,      1.00,         0,         0,         0
 100301.00,  17069.00,      1.00,         0,         0,         0,         0
 100302.00,  17079.00,         0,      1.00,         0,         0,         0
 100303.00, 100094.00,         0,         0,         0,      1.00,         0
 100304.00, 100306.00,      1.00,         0,         0,         0,         0
 100305.00,  26922.00,         0,      1.00,         0,         0,         0
 100306.00,  21056.00,      1.00,         0,         0,         0,         0
 100307.00, 100305.00,         0,      1.00,         0,         0,         0
 100308.00, 100214.00,         0,         0,         0,      1.00,         0
 100311.00,  21314.00,      1.00,         0,         0,         0,         0
 100312.00,  21313.00,         0,      1.00,         0,         0,         0
 100313.00,  26915.00,      1.00,         0,         0,         0,         0
 100314.00,  23230.00,         0,      1.00,         0,         0,         0
 100320.00,  21074.00,      1.00,         0,         0,         0,         0
 100321.00,  21096.00,         0,      1.00,         0,         0,         0
 100324.00,  33373.00,      1.00,         0,         0,         0,         0
 100326.00,  31167.00,         0,         0,      1.00,         0,         0
 100328.00, 100335.00,         0,         0,         0,      1.00,         0
 100329.00,  21486.00,         0,         0,      1.00,         0,         0
 100330.00,  21493.00,         0,         0,         0,      1.00,         0
 100335.00,  31567.00,         0,         0,         0,      1.00,         0
 100338.00,  31427.00,         0,         0,      1.00,         0,         0
 100340.00,  21706.00,         0,         0,         0,      1.00,         0
 100341.00,  21542.00,         0,         0,      1.00,         0,         0
 100342.00,  21560.00,         0,         0,         0,      1.00,         0
 100344.00,  12609.00,         0,         0,      1.00,         0,         0
 100345.00,  12561.00,         0,         0,         0,      1.00,         0
